distance_left,distance_right,distance_bin_center,Group_1_pct,Group_2_pct,Group_3_pct,Group_4_pct,Group_5_pct,five_group_mean_pct,five_group_sd_pct
0.00000000,0.02500000,0.01250000,10.17825198,11.62524030,12.66969960,9.78578072,11.42348358,11.13649124,1.16346567
0.02500000,0.05000000,0.03750000,10.31880910,10.60279024,11.06898710,10.00182084,11.28269338,10.65502013,0.52625505
0.05000000,0.07500000,0.06250000,5.48939433,5.51976887,5.30401502,5.73712002,5.71675014,5.55340968,0.17878546
0.07500000,0.10000000,0.08750000,3.71709686,3.49903882,3.43069998,3.75338947,3.53422371,3.58688977,0.14103438
0.10000000,0.12500000,0.11250000,2.85842065,2.55247153,2.51841421,2.80409246,2.62882582,2.67244493,0.15160784
0.12500000,0.15000000,0.13750000,2.30705341,2.04096545,2.08092625,2.31049738,2.07902059,2.16369262,0.13340309
0.15000000,0.17500000,0.16250000,1.90327115,1.71438850,1.79809359,1.92861326,1.71285476,1.81144425,0.10183160
0.17500000,0.20000000,0.18750000,1.71160235,1.61602194,1.52127864,1.61710211,1.53311074,1.59982316,0.07693396
0.20000000,0.22500000,0.21250000,1.38448761,1.44177262,1.36903043,1.52704438,1.31886477,1.40823996,0.07957452
0.22500000,0.25000000,0.23750000,1.37618196,1.29956269,1.25529559,1.50932811,1.24485253,1.33704418,0.10931664
0.25000000,0.27500000,0.26250000,1.39662663,1.23885647,1.17405642,1.42173098,1.20812465,1.28787903,0.11342612
0.27500000,0.30000000,0.28750000,1.35062612,1.13262060,1.22460524,1.44830539,1.16638843,1.26450915,0.13210959
0.30000000,0.32500000,0.31250000,1.31804242,1.18601958,1.23904776,1.51769413,1.20144686,1.29245015,0.13587742
0.32500000,0.35000000,0.33750000,1.85599284,1.25684350,1.57242923,1.75981654,1.44518642,1.57805371,0.24038991
0.35000000,0.37500000,0.36250000,2.85522617,1.70314661,2.21752840,2.59248141,2.18085698,2.30984791,0.43890978
0.37500000,0.40000000,0.38750000,3.46856632,2.94144099,3.29650491,4.08163265,3.86588759,3.53080649,0.45326912
0.40000000,0.42500000,0.41250000,4.05187835,4.50743651,4.35502118,4.72384758,5.35447969,4.59853266,0.48825890
0.42500000,0.45000000,0.43750000,4.61219014,6.07849089,5.57120162,5.26517817,6.09961046,5.52533425,0.62036131
0.45000000,0.47500000,0.46250000,6.37873754,6.47251920,5.62235220,5.07226763,5.88536450,5.88624821,0.57412230
0.47500000,0.50000000,0.48750000,5.77178635,5.49166414,5.91962738,5.15149875,6.14913745,5.69674281,0.38707826
0.50000000,0.52500000,0.51250000,5.18016867,4.93013164,5.55555556,5.12590857,5.16304953,5.19096279,0.22698485
0.52500000,0.55000000,0.53750000,4.33554817,4.60636516,4.56022530,4.58507010,4.17529215,4.45250018,0.18932510
0.55000000,0.57500000,0.56250000,4.16624074,4.34555327,4.08362218,3.84049448,3.60434057,4.00805025,0.28969815
0.57500000,0.60000000,0.58750000,3.57526195,3.72443875,3.88383401,3.34197822,3.08013356,3.52112930,0.31717193
0.60000000,0.62500000,0.61250000,3.14336826,3.10276213,2.50397169,2.89218171,2.44963829,2.81838442,0.32663446
0.62500000,0.65000000,0.63750000,2.38244314,2.24444369,1.81494319,2.43795613,1.89204229,2.15436569,0.28485878
0.65000000,0.67500000,0.66250000,1.52057245,1.54688431,1.19150780,1.75341899,1.27323317,1.45712334,0.22596523
0.67500000,0.70000000,0.68750000,0.82289803,0.86393938,0.71069228,1.06642126,0.79688370,0.85216693,0.13226062
0.70000000,0.72500000,0.71250000,0.41336570,0.42100885,0.31833718,0.57430254,0.35893155,0.41718917,0.09731327
0.72500000,0.75000000,0.73750000,0.11436238,0.16244534,0.09929232,0.24310665,0.11296605,0.14643455,0.05910371
0.75000000,0.77500000,0.76250000,0.02491694,0.07363439,0.03971693,0.07430993,0.03784085,0.05008381,0.02254034
0.77500000,0.80000000,0.78750000,0.00766675,0.02979101,0.01323898,0.02559017,0.01279911,0.01781720,0.00939367
0.80000000,0.82500000,0.81250000,0.00575006,0.01461446,0.00481417,0.02165322,0.00389538,0.01014546,0.00773315
0.82500000,0.85000000,0.83750000,0.00191669,0.00393466,0.00782303,0.00639754,0.00556483,0.00512735,0.00228048
0.85000000,0.87500000,0.86250000,0.00127779,0.00618304,0.00300886,0.00196847,0.00166945,0.00282152,0.00198576
0.87500000,0.90000000,0.88750000,0.00000000,0.00168628,0.00060177,0.00000000,0.00055648,0.00056891,0.00068867
0.90000000,0.92500000,0.91250000,0.00000000,0.00056209,0.00000000,0.00000000,0.00000000,0.00011242,0.00025138
0.92500000,0.95000000,0.93750000,0.00000000,0.00056209,0.00000000,0.00000000,0.00000000,0.00011242,0.00025138
0.95000000,0.97500000,0.96250000,0.00000000,0.00000000,0.00000000,0.00000000,0.00000000,0.00000000,0.00000000
0.97500000,1.00000000,0.98750000,0.00000000,0.00000000,0.00000000,0.00000000,0.00000000,0.00000000,0.00000000
